Amino acid,Short,Abbrev.,Avg. mass (Da),pI,pK1 (?-COOH),pK2 (?-+NH3),Side chain class,Side chain polarity,Side chain charge (pH 7.4),Hydropathy index,Occurrence in proteins (%),Solubility,Side chain hydrophobicity,Hydropathy,Side chain polarity,Side chain pH,Side chain small,Side chain tiny,Side chain aromatic,Side chain van der Waals volume (Å),ATP cost in synthesis (aerobic),ATP cost in synthesis (anaerobic)
Alanine,A,Ala,89.09404,6.01,2.35,9.87,aliphatic,nonpolar,neutral,1.8,8.76,15.8,X,hydrophobic,-,-,X,X,Aliphatic,67,-1,1
Cysteine,C,Cys,121.15404,5.05,1.92,10.7,sulfur-containing,nonpolar,neutral,2.5,5.78,freely,X,moderate,-,acidic,X,X,-,86,11,15
Aspartic acid,D,Asp,133.10384,2.85,1.99,9.9,acid,acidic polar,negative,-3.5,3.93,0.42,-,hydrophilic,X,acidic,X,-,-,91,0,2
Glutamic acid,E,Glu,147.13074,3.15,2.1,9.47,acid,acidic polar,negative,-3.5,5.49,0.72,-,hydrophilic,X,acidic,-,-,-,109,-7,-1
Phenylalanine,F,Phe,165.19184,5.49,2.2,9.31,aromatic,nonpolar,neutral,2.8,1.38,2.7,X,hydrophobic,-,-,-,-,Aromatic,135,-6,2
Glycine,G,Gly,75.06714,6.06,2.35,9.78,aliphatic,nonpolar,neutral,-0.4,6.32,22.5,X,hydrophobic,-,-,X,X,-,48,-2,2
Histidine,H,His,155.15634,7.6,1.8,9.33,basic aromatic,basic polar,"positive(10%), neutral(90%)",-3.2,3.9,4.19,-,moderate,X,weak basic,-,-,Aromatic,118,1,7
Isoleucine,I,Ile,131.17464,6.05,2.32,9.76,aliphatic,nonpolar,neutral,4.5,7.03,3.36,X,hydrophobic,-,-,-,-,Aliphatic,124,7,11
Lysine,K,Lys,146.18934,9.6,2.16,9.06,basic,basic polar,positive,-3.9,2.26,freely,-,hydrophilic,X,basic,-,-,-,135,5,9
Leucine,L,Leu,131.17464,6.01,2.33,9.74,aliphatic,nonpolar,neutral,3.8,5.49,2.37,X,hydrophobic,-,-,-,-,Aliphatic,124,-9,1
Methionine,M,Met,149.20784,5.74,2.13,9.28,sulfur-containing,nonpolar,neutral,1.9,9.68,5.14,X,moderate,-,-,-,-,Aliphatic,124,21,23
Asparagine,N,Asn,132.11904,5.41,2.14,8.72,amide,polar,neutral,-3.5,5.19,2.4,-,hydrophilic,X,-,X,-,-,96,3,5
Proline,P,Pro,115.13194,6.3,1.95,10.64,cyclic,nonpolar,neutral,-1.6,2.32,1.54,X,hydrophobic,-,-,X,-,-,90,-2,4
Glutamine,Q,Gln,146.14594,5.65,2.17,9.13,amide,polar,neutral,-3.5,3.87,2.6,-,hydrophilic,X,-,-,-,-,114,-6,0
Arginine,R,Arg,174.20274,10.76,1.82,8.99,basic,basic polar,positive,-4.5,5.02,71.8,-,hydrophilic,X,strongly basic,-,-,-,148,5,13
Serine,S,Ser,105.09344,5.68,2.19,9.21,hydroxyl-containing,polar,neutral,-0.8,7.14,36.2,-,hydrophilic,X,-,X,X,-,73,-2,2
Threonine,T,Thr,119.12034,5.6,2.09,9.1,hydroxyl-containing,polar,neutral,-0.7,5.53,freely,-,hydrophilic,X,-,X,-,-,93,6,8
Valine,V,Val,117.14784,6,2.39,9.74,aliphatic,nonpolar,neutral,4.2,1.25,5.6,X,hydrophobic,-,-,X,-,Aliphatic,105,-2,2
Tryptophan,W,Trp,204.22844,5.89,2.46,9.41,aromatic,nonpolar,neutral,-0.9,2.91,1.06,-,hydrophobic,X,-,-,-,Aromatic,163,-7,7
Tyrosine,Y,Tyr,181.19124,5.64,2.2,9.21,aromatic,polar,neutral,-1.3,6.73,0.038,-,hydrophobic,X,weak acidic,-,-,Aromatic,141,-8,2
